mng_timestamp_id,mng_music_id,mng_live_id,start_timestamp
1,1,1,333
2,1,2,4780
3,1,3,1976
4,1,4,237
5,2,1,760
6,3,1,953
7,3,5,1617
8,3,6,4359
9,4,1,1489
10,5,1,2048
11,5,7,423
12,5,8,2409
13,5,9,612
14,5,10,3571
15,5,11,8770
16,5,12,373
17,5,13,1519
18,5,14,917
19,5,15,409
20,5,16,4409
21,5,17,3790
22,5,18,5823
23,6,1,2898
24,7,1,3413
25,8,1,4019
26,8,5,4170
27,8,19,365
28,8,20,1223
29,8,21,2693
30,9,1,4480
31,9,22,3869
32,9,23,1991
33,10,1,4937
34,10,24,5778
35,10,2,5239
36,10,25,363
37,10,18,6552
38,11,1,5588
39,11,26,3662
40,11,3,3040
41,11,27,246
42,11,28,5265
43,11,29,5391
44,11,30,4036
45,11,31,371
46,11,32,2078
47,11,33,7069
48,11,17,4983
49,11,16,10544
50,11,34,489
51,12,35,376
52,12,3,6042
53,12,36,3313
54,12,37,2862
55,12,38,1220
56,13,35,915
57,14,35,1507
58,14,39,7246
59,14,40,2020
60,14,41,4663
61,14,42,4005
62,15,35,2189
63,15,43,6836
64,15,44,3679
65,15,3,16296
66,15,7,25649
67,16,35,3073
68,17,35,3643
69,17,3,15016
70,17,7,28420
71,17,45,5033
72,17,46,4929
73,17,12,3816
74,18,35,4257
75,18,3,15813
76,18,47,6256
77,18,7,27868
78,18,48,5365
79,18,45,4400
80,18,49,5581
81,18,50,3457
82,19,35,4863
83,19,40,921
84,19,42,3442
85,20,22,321
86,20,3,3898
87,20,51,3262
88,20,49,2630
89,20,15,848
90,20,52,5476
91,20,16,10043
92,21,22,868
93,21,53,5026
94,21,54,7778
95,21,55,104
96,21,56,746
97,22,22,1383
98,22,44,4695
99,22,57,5666
100,23,22,1798
101,23,53,8315
102,23,26,195
103,23,58,202
104,23,59,2216
105,23,60,2901
106,24,22,2242
107,24,61,5076
108,24,62,4412
109,24,63,386
110,24,64,722
111,24,15,1379
112,24,65,1392
113,25,22,2893
114,25,53,1599
115,26,22,3455
116,27,61,635
117,27,66,743
118,27,67,1835
119,27,68,1585
120,28,61,916
121,28,53,3038
122,28,48,1884
123,29,61,1372
124,29,69,790
125,29,12,4446
126,30,61,1855
127,30,3,1420
128,30,70,750
129,30,12,1645
130,31,61,2262
131,31,71,437
132,32,61,2867
133,32,39,5102
134,33,61,3740
135,33,53,2096
136,33,3,14217
137,33,72,5999
138,33,73,5748
139,33,74,4452
140,34,61,4227
141,35,61,4660
142,36,61,5985
143,36,75,1916
144,37,61,6427
145,37,76,2744
146,38,61,6894
147,38,77,1204
148,39,61,7388
149,40,61,7883
150,40,78,2789
151,40,79,8439
152,41,61,8306
153,41,77,3496
154,41,80,2557
155,41,81,3668
156,41,82,7128
157,41,83,6127
158,42,61,8842
159,42,84,5950
160,42,85,2652
161,43,86,403
162,44,86,985
163,45,86,1668
164,45,87,3554
165,46,86,3052
166,47,86,3607
167,47,3,2597
168,47,76,6634
169,47,88,1249
170,47,47,4947
171,47,68,9001
172,48,86,4281
173,49,86,4811
174,50,86,5301
175,51,86,5821
176,51,89,1922
177,51,90,2428
178,51,91,6194
179,51,16,11980
180,51,92,2039
181,52,86,6162
182,52,93,4734
183,53,86,6710
184,53,43,8307
185,53,53,7427
186,53,94,2254
187,53,87,3925
188,53,95,4584
189,53,96,721
190,53,97,865
191,53,98,6279
192,54,86,7568
193,55,86,9018
194,55,99,610
195,56,86,10518
196,56,100,5204
197,56,101,612
198,56,47,3755
199,56,102,7192
200,56,103,5531
201,57,43,372
202,57,104,3325
203,57,105,7299
204,57,45,1609
205,58,43,894
206,58,106,5504
207,58,107,704
208,59,43,1513
209,59,108,2881
210,59,109,4446
211,59,110,1003
212,59,111,872
213,59,112,1923
214,59,113,2309
215,59,16,6053
216,60,43,2020
217,61,43,2606
218,61,106,7381
219,62,43,3419
220,62,94,1410
221,62,114,2332
222,62,97,401
223,63,43,3873
224,63,3,8406
225,64,43,4291
226,64,38,3503
227,65,43,4624
228,66,43,5114
229,66,53,297
230,66,57,6014
231,66,115,171
232,66,76,1998
233,66,116,4959
234,66,48,5000
235,66,38,4934
236,67,43,6368
237,67,99,3838
238,67,3,4328
239,67,117,1948
240,67,118,4031
241,67,119,2600
242,68,43,7360
243,68,7,23274
244,68,110,2156
245,69,43,7822
246,70,43,8868
247,70,20,4186
248,71,43,9168
249,71,87,6051
250,71,119,5284
251,72,43,9476
252,73,43,9863
253,73,120,5274
254,73,121,3580
255,73,20,1800
256,73,122,1006
257,73,123,1198
258,73,124,1576
259,74,54,68
260,75,54,719
261,76,54,1280
262,76,125,861
263,76,117,3291
264,76,118,4529
265,76,49,7248
266,77,54,1697
267,78,54,2255
268,79,54,3208
269,79,126,6287
270,79,108,947
271,79,56,338
272,80,54,3599
273,80,127,4251
274,81,54,3966
275,82,54,4456
276,83,54,5303
277,84,54,5853
278,84,53,5642
279,84,128,684
280,85,54,6390
281,86,54,8515
282,87,54,9674
283,88,54,10518
284,89,54,11354
285,89,129,690
286,89,130,4587
287,90,54,11803
288,91,54,12285
289,91,131,1641
290,91,132,2729
291,91,133,3000
292,92,53,662
293,92,5,2119
294,92,106,4101
295,92,134,1315
296,92,111,389
297,93,53,662
298,93,126,2790
299,93,135,4129
300,93,7,2180
301,93,11,5469
302,94,53,2603
303,94,12,3276
304,95,53,3618
305,95,24,1785
306,95,96,1344
307,95,15,3588
308,96,53,4043
309,96,56,3522
310,96,45,3143
311,96,129,222
312,96,136,958
313,97,53,4480
314,97,7,2937
315,98,53,6217
316,99,53,6606
317,99,37,4258
318,100,53,7072
319,100,89,4532
320,100,106,3741
321,101,53,9211
322,101,137,1175
323,101,136,5291
324,102,24,580
325,103,24,1020
326,103,71,69
327,103,138,2200
328,103,47,1014
329,104,24,1457
330,104,44,1274
331,104,79,8138
332,104,130,5663
333,105,24,2143
334,105,8,2998
335,105,139,504
336,105,9,1570
337,106,24,2665
338,106,135,2278
339,106,70,3091
340,106,130,2660
341,106,81,2942
342,107,24,3183
343,108,24,3538
344,109,24,4027
345,109,27,688
346,109,79,1433
347,109,134,417
348,109,140,736
349,109,45,890
350,109,141,3353
351,109,23,3415
352,110,24,4483
353,110,142,4946
354,110,143,1496
355,110,7,15931
356,110,130,6669
357,110,144,6371
358,110,145,5921
359,110,77,458
360,110,146,2177
361,110,42,5248
362,111,24,6109
363,112,24,6500
364,112,64,4654
365,113,24,7025
366,113,147,3311
367,113,46,4177
368,114,126,1028
369,114,148,3302
370,115,126,1718
371,115,135,909
372,115,149,1051
373,115,84,4607
374,115,148,1057
375,116,126,2201
376,117,126,3321
377,117,94,5561
378,117,2,4417
379,117,149,593
380,118,126,3893
381,119,126,4664
382,119,119,5761
383,119,150,2841
384,120,126,5143
385,120,2,4064
386,120,151,1138
387,120,116,5995
388,120,16,1908
389,121,126,5806
390,122,126,6858
391,123,39,234
392,123,130,5168
393,123,96,4318
394,123,82,459
395,124,39,1447
396,124,152,4206
397,124,25,1245
398,124,64,4206
399,124,83,1570
400,125,39,1855
401,125,71,769
402,125,138,294
403,125,153,1586
404,126,39,2279
405,127,39,2531
406,127,67,2964
407,127,16,13826
408,128,39,3275
409,128,2,2401
410,128,63,6298
411,128,6,3905
412,129,39,3635
413,129,154,5272
414,129,77,2231
415,129,47,268
416,129,119,3098
417,129,155,1531
418,130,39,4173
419,131,39,4619
420,132,39,5573
421,132,156,938
422,132,157,4509
423,132,41,5283
424,132,158,6947
425,132,16,13302
426,132,85,6652
427,133,39,6146
428,133,70,3713
429,134,39,6354
430,135,39,6744
431,135,64,5577
432,136,127,162
433,136,56,4023
434,136,159,1509
435,137,127,753
436,137,159,755
437,138,127,1326
438,139,127,1857
439,140,127,2393
440,140,129,3154
441,141,127,3078
442,142,127,3720
443,143,127,4664
444,143,129,4432
445,144,127,5256
446,145,127,5680
447,145,7,5636
448,146,127,6065
449,147,127,6534
450,147,159,1209
451,147,56,2952
452,148,127,6906
453,149,44,246
454,149,5,1173
455,149,142,249
456,149,3,569
457,149,19,1643
458,149,137,742
459,149,145,397
460,149,160,551
461,149,141,360
462,149,155,2142
463,149,80,1967
464,149,161,1572
465,150,44,783
466,151,44,1644
467,151,37,6566
468,151,157,1607
469,151,42,7849
470,152,44,2208
471,153,44,2778
472,153,33,3461
473,154,44,3269
474,154,106,1844
475,154,7,27493
476,154,162,2327
477,154,109,6026
478,154,151,3235
479,154,163,4118
480,154,119,6262
481,154,164,2855
482,155,44,4161
483,155,143,1045
484,155,109,6392
485,155,165,4325
486,155,14,3587
487,156,44,5468
488,157,44,5925
489,157,147,2498
490,157,99,4755
491,157,3,17894
492,157,100,4344
493,157,166,5813
494,157,31,3031
495,157,132,1153
496,157,167,2077
497,158,44,6342
498,158,76,456
499,159,142,893
500,159,141,926
501,159,23,1304
502,160,142,1516
503,160,141,1582
504,161,142,2115
505,161,141,2159
506,162,142,2662
507,162,132,524
508,162,141,2886
509,163,142,3203
510,163,146,2817
511,164,142,3709
512,165,142,4353
513,165,74,1635
514,166,142,5508
515,166,144,4147
516,166,36,5261
517,166,116,4343
518,166,49,6823
519,167,142,5945
520,167,99,1170
521,167,100,4799
522,167,7,2531
523,167,168,2534
524,167,141,5372
525,168,142,6356
526,168,76,975
527,168,163,615
528,168,114,1841
529,168,23,2780
530,168,103,2762
531,169,57,641
532,169,52,419
533,170,57,1090
534,171,57,1693
535,172,57,2051
536,173,57,3163
537,173,162,1349
538,174,57,3807
539,174,108,350
540,174,162,237
541,174,28,1120
542,174,32,2982
543,174,132,2175
544,174,169,2461
545,174,33,2531
546,174,17,4385
547,174,170,5373
548,175,57,4205
549,176,57,4679
550,177,57,5221
551,177,150,1131
552,178,57,6409
553,178,171,4546
554,178,172,1610
555,179,5,758
556,179,3,2286
557,179,42,7187
558,180,5,2683
559,181,5,3123
560,181,173,569
561,181,74,3925
562,181,174,2678
563,182,5,3547
564,182,2,315
565,182,66,2979
566,182,175,120
567,182,176,2009
568,183,5,4627
569,183,89,5385
570,184,5,5118
571,184,58,3480
572,184,7,3799
573,184,28,1590
574,184,177,473
575,184,25,786
576,184,36,441
577,184,121,2594
578,184,32,5153
579,184,118,363
580,184,172,2844
581,185,147,282
582,186,147,616
583,186,46,2439
584,186,146,1627
585,187,147,1030
586,188,147,1518
587,188,89,5805
588,188,2,6483
589,188,3,17533
590,188,7,6546
591,188,144,3743
592,188,152,2858
593,188,31,2136
594,188,145,2145
595,188,46,238
596,188,141,7002
597,188,133,6948
598,188,18,4097
599,189,147,2028
600,189,3,16740
601,189,7,26125
602,189,173,1956
603,189,30,4540
604,190,147,3038
605,190,3,12561
606,190,114,3605
607,190,16,3939
608,191,178,601
609,191,97,4173
610,192,178,935
611,192,71,1155
612,192,99,4277
613,192,2,3120
614,192,3,17147
615,192,19,2277
616,192,62,3976
617,192,179,2788
618,192,73,1810
619,192,7,26685
620,192,180,3629
621,192,27,1672
622,192,8,1136
623,192,144,4773
624,192,137,1627
625,192,140,1354
626,192,131,1054
627,192,181,6369
628,192,116,6614
629,192,10,5189
630,192,84,2232
631,192,46,653
632,192,132,1717
633,192,167,1070
634,192,103,2167
635,192,80,6533
636,193,178,1505
637,193,106,4501
638,193,111,2264
639,193,84,3371
640,194,178,2344
641,195,178,2771
642,195,152,4802
643,195,157,4100
644,196,178,3318
645,196,79,6034
646,196,91,2993
647,196,130,2200
648,197,94,251
649,198,94,661
650,198,165,2650
651,199,94,1088
652,199,106,3025
653,199,66,3408
654,199,182,968
655,199,21,906
656,200,94,2711
657,200,95,6302
658,201,94,3128
659,201,108,3288
660,202,94,3644
661,203,94,4174
662,203,95,3741
663,204,94,4683
664,205,94,5148
665,205,106,7090
666,205,62,258
667,205,167,4969
668,206,94,6424
669,206,98,5055
670,206,65,2984
671,207,94,6049
672,207,90,519
673,208,94,6767
674,208,111,4880
675,209,183,199
676,209,115,391
677,209,7,8120
678,209,15,1861
679,209,184,391
680,210,183,594
681,210,62,2576
682,211,183,1028
683,211,37,3462
684,212,183,1400
685,213,183,2058
686,214,183,2840
687,215,183,3378
688,215,139,4946
689,215,152,3487
690,216,183,3954
691,217,183,4418
692,218,183,4907
693,218,99,5151
694,218,78,5268
695,218,40,5586
696,218,185,4533
697,218,81,5639
698,219,71,1573
699,219,3,14608
700,219,120,3651
701,219,64,183
702,219,82,7770
703,220,186,3011
704,220,49,4500
705,220,67,4791
706,221,99,250
707,221,93,3110
708,222,99,1710
709,222,18,5232
710,223,99,2107
711,223,59,4943
712,223,187,5939
713,224,99,2580
714,224,59,5395
715,225,99,3019
716,225,3,8742
717,226,99,3374
718,227,135,252
719,227,128,156
720,228,135,1448
721,228,3,13740
722,228,69,1600
723,228,130,882
724,228,136,5970
725,228,188,990
726,228,16,16573
727,229,135,1955
728,229,54,10992
729,229,189,3453
730,230,135,2747
731,230,64,5011
732,231,135,3182
733,231,78,3395
734,231,3,9875
735,231,29,4773
736,231,190,5136
737,231,191,5341
738,232,135,3551
739,233,135,4534
740,234,135,5103
741,235,89,646
742,235,26,2499
743,235,3,3531
744,235,117,792
745,235,32,952
746,235,192,390
747,235,193,1767
748,235,194,547
749,235,195,2977
750,235,196,806
751,236,89,1323
752,236,108,1966
753,236,122,3717
754,236,167,5456
755,237,89,2304
756,237,106,5060
757,237,151,3608
758,237,112,2959
759,237,37,1600
760,238,89,2729
761,238,143,3134
762,238,180,4884
763,238,162,1829
764,238,84,444
765,239,89,3210
766,240,89,3697
767,240,139,5888
768,240,157,4964
769,241,89,4102
770,242,89,4898
771,242,87,4390
772,242,98,5500
773,243,115,682
774,243,177,1542
775,244,115,984
776,244,3,15433
777,245,115,1211
778,245,197,4935
779,245,196,2993
780,246,78,406
781,246,84,3804
782,247,78,752
783,247,20,736
784,248,78,1090
785,249,78,1520
786,249,2,1643
787,249,64,3545
788,250,78,2416
789,251,78,3844
790,252,78,4353
791,252,104,2812
792,252,7,13356
793,252,120,4182
794,252,96,5645
795,253,78,4839
796,253,38,1613
797,253,97,2821
798,254,106,187
799,254,139,981
800,254,198,368
801,254,117,341
802,254,190,2113
803,255,106,569
804,255,199,454
805,256,106,913
806,256,26,1180
807,256,3,13298
808,256,60,3335
809,256,168,397
810,256,189,2811
811,257,106,1489
812,257,3,12266
813,257,91,5308
814,258,106,2241
815,259,106,2602
816,259,111,1518
817,259,200,1169
818,259,98,3385
819,260,106,3281
820,261,106,5821
821,262,106,6305
822,262,21,501
823,262,187,526
824,263,106,7662
825,263,21,3604
826,264,26,1780
827,264,85,1834
828,265,26,2854
829,265,173,4481
830,265,118,3399
831,265,189,5365
832,266,26,3193
833,266,3,5343
834,266,59,4463
835,266,189,3884
836,267,2,1072
837,267,109,4054
838,267,181,4785
839,267,116,3233
840,268,2,2056
841,269,2,2747
842,270,2,3591
843,270,201,1704
844,271,2,5578
845,272,2,5977
846,273,3,105
847,273,49,3545
848,273,85,4284
849,274,3,916
850,274,160,2905
851,274,202,2559
852,275,3,1217
853,275,21,1173
854,276,3,1723
855,277,3,4758
856,278,3,5030
857,278,125,1494
858,279,3,5667
859,279,157,3661
860,279,49,8206
861,279,189,4824
862,280,3,6404
863,280,58,3020
864,280,190,4256
865,280,112,6025
866,280,177,902
867,280,114,5157
868,280,191,868
869,280,42,4674
870,281,3,6731
871,281,58,583
872,281,180,3085
873,281,60,523
874,281,118,2390
875,281,189,903
876,282,3,7143
877,282,21,5839
878,283,3,7483
879,284,3,7813
880,285,3,8077
881,286,3,8972
882,286,202,1597
883,287,3,9251
884,288,3,9557
885,288,171,4024
886,288,200,2542
887,288,84,5587
888,288,91,3404
889,288,97,3696
890,288,16,12333
891,288,65,2436
892,289,3,10376
893,289,9,107
894,289,16,2830
895,290,3,10742
896,290,121,5490
897,290,167,6702
898,291,3,11157
899,292,3,11522
900,292,18,1675
901,293,3,11871
902,293,114,5742
903,293,91,6845
904,294,3,12967
905,294,203,2708
906,294,204,953
907,295,58,964
908,295,166,2576
909,295,96,3767
910,296,58,1374
911,296,7,3354
912,296,175,489
913,297,58,1810
914,297,205,1981
915,297,179,1178
916,297,70,3091
917,297,206,1958
918,297,153,553
919,297,200,4768
920,297,84,2602
921,297,207,2263
922,298,58,2166
923,299,58,2667
924,299,164,3998
925,300,205,279
926,300,27,1052
927,300,149,1521
928,301,205,1092
929,301,66,3845
930,302,205,1567
931,302,64,3176
932,303,205,2408
933,303,7,12879
934,303,97,1796
935,304,205,2887
936,304,7,7326
937,304,208,907
938,304,129,3764
939,305,104,273
940,305,72,4790
941,306,104,740
942,307,104,1030
943,307,197,1400
944,308,104,1510
945,309,104,2275
946,309,56,1746
947,309,129,2299
948,310,66,359
949,310,67,2342
950,311,66,1151
951,312,66,1545
952,312,7,12299
953,312,88,5149
954,313,66,1978
955,314,66,2342
956,315,66,2579
957,315,209,736
958,315,62,5284
959,316,66,4918
960,316,62,1255
961,316,139,3045
962,316,153,3235
963,317,66,5236
964,318,72,485
965,319,72,728
966,319,210,1677
967,320,72,1076
968,320,100,3300
969,320,165,1518
970,321,72,1691
971,321,210,3212
972,322,72,2152
973,323,72,2469
974,323,122,4885
975,323,182,667
976,324,72,2771
977,325,72,3314
978,326,72,3724
979,327,72,4064
980,328,72,4474
981,329,72,5138
982,330,72,5652
983,331,72,6444
984,332,72,7213
985,333,19,953
986,334,19,2879
987,334,19,3985
988,334,164,4406
989,335,19,3489
990,335,53,7930
991,335,20,3276
992,336,62,574
993,336,100,3867
994,336,143,1983
995,336,144,1933
996,336,28,3536
997,336,152,1418
998,336,131,2691
999,336,211,6385
1000,336,133,999
1001,336,83,2740
1002,336,212,5876
1003,337,62,966
1004,338,62,1584
1005,339,62,2070
1006,340,62,2994
1007,340,78,1983
1008,340,126,306
1009,341,62,3521
1010,341,144,5338
1011,342,62,4807
1012,343,179,152
1013,344,179,1910
1014,344,209,1448
1015,344,90,1761
1016,344,213,554
1017,345,179,3354
1018,345,191,3958
1019,345,48,4428
1020,345,81,4969
1021,345,195,4217
1022,346,100,217
1023,346,214,1015
1024,346,120,2721
1025,346,30,600
1026,346,215,2334
1027,346,49,7858
1028,347,100,581
1029,348,100,916
1030,349,100,1364
1031,350,100,1767
1032,351,100,2214
1033,351,143,621
1034,351,7,18239
1035,351,109,3725
1036,351,70,1344
1037,351,207,1540
1038,351,216,5944
1039,351,185,895
1040,351,195,1573
1041,352,100,2714
1042,352,49,5087
1043,353,143,223
1044,353,7,10501
1045,353,139,2030
1046,353,160,1200
1047,353,185,3373
1048,354,143,2364
1049,354,149,97
1050,354,136,392
1051,355,143,3532
1052,355,153,219
1053,356,143,3899
1054,357,143,4521
1055,358,143,4919
1056,358,144,5796
1057,359,143,5596
1058,360,143,6214
1059,360,47,5706
1060,361,217,301
1061,361,73,94
1062,361,158,1099
1063,362,217,1027
1064,362,73,653
1065,362,180,2675
1066,362,91,3827
1067,363,217,1482
1068,363,73,964
1069,363,25,3199
1070,363,158,574
1071,364,73,1428
1072,364,7,1369
1073,364,180,482
1074,364,51,3861
1075,364,185,1456
1076,365,73,2292
1077,366,73,2717
1078,366,214,448
1079,366,218,3343
1080,366,202,3082
1081,367,73,3257
1082,367,219,94
1083,368,73,3781
1084,368,214,727
1085,368,7,1703
1086,368,218,1817
1087,368,123,2054
1088,368,65,938
1089,369,73,4291
1090,370,73,4759
1091,370,122,2540
1092,370,202,751
1093,370,124,6400
1094,371,84,1586
1095,371,73,5265
1096,371,182,298
1097,371,207,2751
1098,372,214,115
1099,372,36,3759
1100,372,218,373
1101,373,214,1403
1102,373,7,20513
1103,373,180,4212
1104,373,101,6150
1105,373,219,1386
1106,373,131,485
1107,373,172,4277
1108,374,7,936
1109,374,69,416
1110,375,7,4263
1111,375,198,3081
1112,376,7,4822
1113,376,120,4832
1114,376,163,6470
1115,376,61,5471
1116,376,16,8549
1117,377,7,5995
1118,377,64,1144
1119,377,81,4303
1120,378,7,5233
1121,379,7,6890
1122,379,63,3432
1123,380,7,7711
1124,380,145,1615
1125,380,218,1372
1126,380,141,3912
1127,380,37,404
1128,380,23,5358
1129,381,7,9040
1130,381,28,2491
1131,381,32,1595
1132,381,60,1015
1133,381,33,671
1134,381,75,6681
1135,382,7,9552
1136,382,79,850
1137,382,12,6808
1138,382,14,9816
1139,382,82,6560
1140,383,7,10124
1141,383,109,3411
1142,384,7,11039
1143,385,7,11754
1144,385,145,1076
1145,385,150,1826
1146,385,23,557
1147,386,7,14073
1148,386,199,1053
1149,386,218,2278
1150,387,7,15722
1151,387,138,1731
1152,387,169,664
1153,388,7,16424
1154,388,158,3756
1155,389,7,17469
1156,389,46,1521
1157,389,146,351
1158,389,42,2751
1159,390,7,19890
1160,390,180,6450
1161,390,152,326
1162,390,46,2871
1163,390,155,2866
1164,390,50,1345
1165,391,7,21150
1166,392,7,22234
1167,393,7,22698
1168,394,7,23777
1169,394,77,4753
1170,395,7,24630
1171,395,93,610
1172,395,42,1824
1173,396,7,25103
1174,396,181,3443
1175,397,180,998
1176,398,180,1563
1177,399,180,2176
1178,399,220,3915
1179,399,202,2043
1180,400,105,261
1181,401,105,592
1182,402,105,864
1183,402,160,3917
1184,402,122,4087
1185,402,119,363
1186,402,107,1467
1187,403,105,1263
1188,404,105,1697
1189,405,105,2066
1190,406,105,2423
1191,407,105,2932
1192,407,108,2349
1193,407,122,6187
1194,407,67,3644
1195,408,105,3414
1196,408,112,2403
1197,408,103,921
1198,409,105,3862
1199,410,105,4281
1200,411,105,4675
1201,412,105,5158
1202,413,105,5664
1203,413,221,3816
1204,413,57,238
1205,413,170,3181
1206,413,187,2789
1207,414,108,1428
1208,415,108,3808
1209,416,108,4707
1210,416,170,2167
1211,416,222,1452
1212,417,108,5353
1213,418,108,6039
1214,418,18,7184
1215,419,162,713
1216,420,162,3171
1217,420,70,203
1218,420,139,1623
1219,420,125,1186
1220,420,177,5288
1221,420,60,5725
1222,420,200,1600
1223,420,47,2144
1224,420,84,2999
1225,420,168,1521
1226,421,154,613
1227,422,154,1329
1228,422,203,2384
1229,422,124,5217
1230,423,154,1890
1231,423,74,5773
1232,424,154,2415
1233,425,154,3301
1234,426,8,200
1235,426,51,545
1236,426,163,2300
1237,426,223,638
1238,426,114,2730
1239,426,49,2018
1240,426,150,7378
1241,427,8,669
1242,427,212,5518
1243,428,8,1832
1244,429,79,392
1245,429,109,2137
1246,429,70,4731
1247,429,208,221
1248,429,185,2000
1249,430,79,1862
1250,430,224,2926
1251,431,79,2301
1252,431,28,4418
1253,431,133,2059
1254,431,194,2207
1255,432,79,2957
1256,432,109,2607
1257,432,139,2539
1258,432,140,1044
1259,432,168,1953
1260,432,213,1136
1261,432,221,2009
1262,432,14,10529
1263,433,79,3516
1264,434,79,3968
1265,435,79,4440
1266,436,79,4975
1267,436,59,1182
1268,436,145,2829
1269,436,141,6475
1270,436,169,3925
1271,437,79,5490
1272,437,211,3077
1273,437,74,724
1274,437,158,2502
1275,437,98,3912
1276,438,79,6452
1277,438,166,3896
1278,438,64,2420
1279,439,79,7073
1280,439,193,1037
1281,439,203,1828
1282,440,79,7643
1283,440,176,1517
1284,440,138,4550
1285,440,203,5203
1286,441,144,374
1287,441,152,1900
1288,441,30,1096
1289,441,32,3540
1290,441,41,1459
1291,441,224,426
1292,441,195,6198
1293,442,144,920
1294,442,50,2683
1295,443,144,2680
1296,443,114,4684
1297,443,168,969
1298,443,41,1918
1299,444,144,3237
1300,444,28,2019
1301,444,208,634
1302,444,76,3312
1303,444,140,418
1304,444,206,5249
1305,444,191,2920
1306,444,40,436
1307,444,45,5936
1308,444,225,1292
1309,444,193,3412
1310,444,41,999
1311,444,155,6036
1312,444,103,462
1313,444,42,318
1314,445,28,307
1315,445,29,466
1316,445,113,430
1317,445,221,7226
1318,445,216,349
1319,445,174,3902
1320,445,75,409
1321,446,28,713
1322,447,28,4030
1323,447,194,3262
1324,448,28,4818
1325,448,32,3991
1326,449,109,3001
1327,449,226,910
1328,449,6,2839
1329,449,12,2748
1330,449,96,2363
1331,450,109,4931
1332,451,109,5227
1333,451,25,1749
1334,451,121,3266
1335,452,109,5642
1336,452,102,5672
1337,453,70,1810
1338,454,70,2190
1339,455,70,2647
1340,456,70,4732
1341,456,88,310
1342,456,31,2579
1343,456,216,1307
1344,456,227,577
1345,457,70,6024
1346,457,208,1364
1347,457,134,890
1348,457,76,4253
1349,457,173,5695
1350,457,190,2993
1351,457,145,4168
1352,457,141,5904
1353,457,216,3782
1354,458,128,1059
1355,459,128,1555
1356,459,54,2757
1357,460,175,1121
1358,461,175,1456
1359,461,191,1557
1360,462,139,3566
1361,463,139,4299
1362,463,119,2149
1363,463,82,5917
1364,464,139,6620
1365,464,59,1727
1366,464,228,717
1367,464,169,979
1368,464,74,2517
1369,465,209,238
1370,465,123,294
1371,466,226,154
1372,466,39,710
1373,466,61,346
1374,466,184,5000
1375,467,226,513
1376,467,134,4373
1377,467,111,4295
1378,467,38,297
1379,467,124,437
1380,467,189,2271
1381,467,98,7315
1382,467,196,1194
1383,468,226,1294
1384,468,156,58
1385,468,160,4595
1386,469,125,117
1387,469,36,4422
1388,469,229,133
1389,469,200,2053
1390,470,125,529
1391,470,170,963
1392,471,120,568
1393,472,120,1219
1394,473,120,1677
1395,473,20,2309
1396,473,165,1020
1397,473,93,3828
1398,474,120,2143
1399,474,114,6586
1400,474,122,582
1401,475,120,3229
1402,475,230,7429
1403,475,65,3620
1404,476,120,5718
1405,476,90,4871
1406,476,121,4259
1407,477,29,1056
1408,477,230,1004
1409,477,49,4046
1410,478,29,1479
1411,478,201,614
1412,478,121,1209
1413,479,29,1993
1414,479,231,1840
1415,480,29,2514
1416,480,47,4414
1417,481,29,3064
1418,482,29,3421
1419,482,181,2365
1420,482,163,1143
1421,483,29,4355
1422,483,123,2585
1423,483,18,4640
1424,484,134,1705
1425,485,7,27136
1426,485,134,2146
1427,485,31,3455
1428,486,134,2588
1429,487,134,3146
1430,488,134,3748
1431,489,59,395
1432,489,153,1114
1433,490,59,790
1434,491,59,2678
1435,491,197,3169
1436,491,98,2725
1437,492,59,3183
1438,492,25,2033
1439,493,59,3621
1440,493,30,3682
1441,493,150,632
1442,493,189,1822
1443,493,196,2489
1444,494,59,5880
1445,494,177,3098
1446,494,60,3869
1447,494,117,2533
1448,495,59,6555
1449,495,31,5202
1450,495,145,4648
1451,496,177,2582
1452,496,38,3966
1453,496,194,1628
1454,497,177,3486
1455,497,60,4522
1456,498,177,4251
1457,498,190,3595
1458,498,33,1280
1459,499,51,1057
1460,500,51,1623
1461,500,232,3714
1462,500,48,1321
1463,501,51,2172
1464,501,30,5658
1465,501,213,128
1466,501,49,8748
1467,501,80,3797
1468,501,16,15334
1469,501,85,7251
1470,502,51,2710
1471,502,157,1208
1472,503,51,4614
1473,503,9,981
1474,503,157,5901
1475,503,168,3815
1476,503,82,4275
1477,503,83,2104
1478,503,92,5056
1479,504,55,611
1480,505,55,1110
1481,505,66,4172
1482,506,55,1625
1483,507,233,150
1484,507,129,5815
1485,507,74,6304
1486,508,90,1149
1487,508,46,3771
1488,509,90,2874
1489,509,110,3447
1490,509,150,5543
1491,510,54,8984
1492,510,90,3365
1493,510,213,1567
1494,511,90,3832
1495,511,21,1645
1496,511,68,5767
1497,512,90,5447
1498,513,90,5844
1499,513,157,2437
1500,514,199,141
1501,515,199,739
1502,516,76,1514
1503,517,152,841
1504,518,152,2320
1505,518,42,6631
1506,519,152,6080
1507,519,198,3831
1508,519,218,915
1509,519,41,3601
1510,519,14,9241
1511,520,87,283
1512,520,173,1189
1513,520,30,2297
1514,520,88,652
1515,520,31,1770
1516,520,48,3423
1517,520,167,3759
1518,520,185,388
1519,521,87,814
1520,521,151,4480
1521,522,87,1291
1522,523,87,1600
1523,523,140,84
1524,523,4,2694
1525,523,210,2811
1526,523,221,5179
1527,524,87,2042
1528,524,173,3777
1529,524,215,2725
1530,524,176,688
1531,524,4,2015
1532,524,192,1212
1533,524,155,5475
1534,525,87,2581
1535,526,87,3064
1536,527,87,4864
1537,528,87,6472
1538,529,87,6974
1539,530,69,94
1540,531,69,1132
1541,532,101,1276
1542,533,101,2020
1543,534,101,2595
1544,535,101,3533
1545,535,232,5673
1546,535,234,3919
1547,536,101,5001
1548,537,166,1057
1549,537,67,5766
1550,537,16,5491
1551,538,166,1937
1552,539,166,3046
1553,539,232,3069
1554,539,192,2758
1555,539,80,1012
1556,540,166,4395
1557,540,206,4416
1558,541,166,4816
1559,541,219,481
1560,541,92,5921
1561,542,166,5257
1562,543,173,1580
1563,544,173,3094
1564,545,151,673
1565,545,30,2843
1566,546,151,1652
1567,547,151,2185
1568,548,151,2635
1569,549,151,5188
1570,550,25,2295
1571,550,111,3440
1572,550,150,3293
1573,551,25,2683
1574,551,232,2338
1575,551,30,1618
1576,551,131,2262
1577,552,25,3748
1578,552,131,3227
1579,552,49,9276
1580,552,146,979
1581,552,172,7525
1582,553,25,4237
1583,553,110,1624
1584,553,204,1509
1585,554,25,5351
1586,554,211,5698
1587,554,74,2931
1588,554,83,3375
1589,555,25,5834
1590,555,170,1607
1591,556,232,747
1592,556,229,587
1593,557,232,1506
1594,557,30,273
1595,557,174,5089
1596,558,232,1999
1597,558,16,1497
1598,559,232,4394
1599,559,74,1176
1600,560,219,1020
1601,561,30,3287
1602,562,30,5087
1603,563,30,6270
1604,564,36,1082
1605,565,36,1437
1606,566,88,1043
1607,566,171,646
1608,566,174,394
1609,566,16,14367
1610,567,88,1723
1611,567,41,3122
1612,568,88,2355
1613,568,65,4821
1614,569,88,2752
1615,569,169,2950
1616,570,88,3275
1617,571,88,3858
1618,572,88,4320
1619,572,25,4700
1620,572,21,4471
1621,573,234,640
1622,573,171,1220
1623,573,4,1291
1624,574,234,1110
1625,575,234,1664
1626,575,171,182
1627,575,155,3416
1628,575,67,5296
1629,576,234,2112
1630,577,234,2468
1631,578,234,3138
1632,579,215,746
1633,580,215,1160
1634,581,215,1533
1635,582,215,1912
1636,583,201,1162
1637,584,201,2234
1638,585,201,2900
1639,586,121,502
1640,586,11,2286
1641,586,14,2623
1642,586,18,2211
1643,587,121,1895
1644,587,54,10005
1645,588,121,4790
1646,588,124,2711
1647,589,171,1969
1648,589,74,4923
1649,589,207,5296
1650,590,171,2653
1651,591,171,3373
1652,592,171,5138
1653,593,110,475
1654,593,220,4530
1655,594,110,2909
1656,594,112,354
1657,594,150,6434
1658,595,110,4039
1659,596,110,5057
1660,596,148,3993
1661,597,156,610
1662,597,123,5440
1663,598,156,1323
1664,599,111,3135
1665,600,31,860
1666,600,4,692
1667,600,192,809
1668,600,10,4210
1669,600,160,2293
1670,601,31,3856
1671,601,163,3320
1672,601,157,823
1673,601,49,3162
1674,602,176,1127
1675,602,102,6609
1676,602,158,1492
1677,602,14,7382
1678,603,235,2608
1679,604,235,3033
1680,605,235,3648
1681,605,98,1202
1682,606,235,4964
1683,606,220,398
1684,607,4,3125
1685,607,182,1322
1686,607,207,3122
1687,608,181,337
1688,608,112,5477
1689,609,181,884
1690,609,230,1811
1691,610,181,1532
1692,611,181,3031
1693,611,16,11592
1694,611,65,1945
1695,612,181,3967
1696,613,181,4392
1697,613,236,431
1698,613,17,458
1699,614,181,5887
1700,614,40,3772
1701,615,237,366
1702,615,98,888
1703,616,237,790
1704,617,237,1259
1705,618,237,1618
1706,618,206,2501
1707,619,237,4141
1708,620,211,2114
1709,621,211,3645
1710,622,198,954
1711,622,6,4879
1712,622,238,1827
1713,623,198,1493
1714,623,117,3966
1715,623,145,3606
1716,623,224,1835
1717,624,198,2243
1718,624,239,3723
1719,625,198,4574
1720,625,160,5251
1721,625,12,5498
1722,625,167,3032
1723,626,163,1670
1724,626,11,1734
1725,626,16,5002
1726,626,18,1278
1727,626,92,4223
1728,627,163,4761
1729,628,163,5251
1730,628,113,3850
1731,628,16,2296
1732,629,163,5767
1733,629,64,1994
1734,629,183,2474
1735,630,163,6956
1736,630,18,7708
1737,630,16,14819
1738,631,239,416
1739,632,239,1114
1740,633,239,1614
1741,633,223,1128
1742,633,191,2238
1743,634,211,4298
1744,634,239,2170
1745,634,6,3329
1746,635,239,2755
1747,635,240,973
1748,636,239,3276
1749,637,239,4319
1750,637,229,1440
1751,637,16,939
1752,638,239,4946
1753,639,239,5466
1754,640,239,5957
1755,641,117,1326
1756,641,118,5356
1757,641,189,1399
1758,642,61,3246
1759,642,117,4677
1760,642,118,1859
1761,642,189,6683
1762,643,95,5316
1763,644,223,102
1764,644,229,1041
1765,645,223,1564
1766,645,206,6847
1767,645,192,3327
1768,645,85,1219
1769,646,112,951
1770,647,112,1396
1771,648,112,3489
1772,649,112,4964
1773,649,158,6184
1774,649,16,8078
1775,650,107,269
1776,651,107,974
1777,652,206,377
1778,652,231,4317
1779,652,102,1386
1780,652,67,7255
1781,652,75,780
1782,653,206,913
1783,653,113,1051
1784,654,206,1413
1785,654,11,3695
1786,654,98,4664
1787,655,206,3107
1788,656,206,3695
1789,657,206,5847
1790,657,47,2557
1791,657,185,6408
1792,657,75,1266
1793,658,32,518
1794,658,67,511
1795,658,161,721
1796,658,194,2728
1797,659,32,4545
1798,660,230,327
1799,661,230,2708
1800,662,230,3392
1801,663,230,3939
1802,664,230,5260
1803,664,89,1007
1804,665,230,6311
1805,666,192,1730
1806,667,192,2259
1807,668,20,2817
1808,668,122,2975
1809,669,20,3823
1810,670,20,4615
1811,671,20,5066
1812,672,20,5462
1813,673,20,6081
1814,674,20,6457
1815,675,60,1788
1816,676,60,2263
1817,677,60,5228
1818,677,197,5538
1819,678,60,6642
1820,678,220,3152
1821,679,114,790
1822,679,165,2216
1823,679,11,1164
1824,679,18,501
1825,680,114,3214
1826,681,114,4081
1827,682,56,1222
1828,683,56,2145
1829,684,56,2552
1830,685,191,471
1831,685,40,1511
1832,685,216,840
1833,686,191,3414
1834,686,113,5168
1835,686,193,2435
1836,686,33,5423
1837,686,224,4600
1838,686,75,3816
1839,686,83,5616
1840,686,50,4032
1841,686,222,870
1842,686,196,6063
1843,687,191,4673
1844,687,225,267
1845,687,231,406
1846,687,212,4245
1847,688,165,503
1848,689,165,3241
1849,690,165,3835
1850,690,45,2653
1851,690,6,2343
1852,690,228,1551
1853,690,50,5555
1854,690,92,1490
1855,691,165,5319
1856,691,124,3836
1857,692,165,5759
1858,693,165,6069
1859,694,165,6781
1860,694,49,1384
1861,695,37,997
1862,695,133,1469
1863,695,50,2106
1864,696,37,4940
1865,697,37,5361
1866,698,37,5968
1867,699,63,895
1868,700,63,1563
1869,701,63,2499
1870,702,63,2934
1871,703,63,4204
1872,704,63,4661
1873,704,39,1127
1874,705,63,5171
1875,706,138,754
1876,707,138,1230
1877,707,175,801
1878,708,138,2692
1879,709,138,3304
1880,710,138,3854
1881,711,138,5569
1882,712,138,6018
1883,713,48,415
1884,713,216,4358
1885,713,67,6713
1886,714,48,2308
1887,715,48,3986
1888,716,241,377
1889,716,225,563
1890,716,193,518
1891,717,241,828
1892,717,48,868
1893,718,241,1188
1894,718,145,5423
1895,718,48,2772
1896,718,85,4890
1897,719,241,1711
1898,719,220,2692
1899,720,241,2251
1900,720,43,5617
1901,720,7,16914
1902,721,241,2969
1903,721,103,1473
1904,722,94,1831
1905,722,95,3197
1906,722,241,3530
1907,723,210,2408
1908,724,210,3622
1909,725,210,4142
1910,726,210,4643
1911,726,11,4159
1912,727,220,886
1913,728,220,1267
1914,728,242,4298
1915,729,220,1681
1916,729,123,3887
1917,730,220,2028
1918,730,150,5901
1919,731,220,5189
1920,732,77,1845
1921,732,155,4515
1922,733,77,2991
1923,734,77,4258
1924,735,77,5139
1925,736,77,5641
1926,737,40,2637
1927,738,40,3232
1928,738,46,1107
1929,738,195,3532
1930,739,40,4309
1931,740,40,4865
1932,741,11,2936
1933,741,18,3506
1934,742,11,4745
1935,742,221,8149
1936,743,11,6569
1937,743,225,877
1938,743,207,5773
1939,743,16,17407
1940,744,11,7298
1941,745,11,8105
1942,746,45,415
1943,747,45,2183
1944,748,45,3738
1945,749,6,1612
1946,750,6,5312
1947,750,184,4313
1948,751,6,5742
1949,752,160,3410
1950,752,203,1405
1951,753,113,1558
1952,753,96,2880
1953,754,113,2995
1954,755,113,4577
1955,755,155,990
1956,755,194,1189
1957,755,83,890
1958,756,231,840
1959,756,124,1017
1960,756,85,5717
1961,757,231,1371
1962,758,231,2691
1963,759,231,3291
1964,760,231,5374
1965,761,231,5912
1966,762,159,242
1967,763,228,264
1968,763,195,5147
1969,764,228,1059
1970,765,38,761
1971,766,38,1969
1972,766,67,1436
1973,767,38,2334
1974,768,38,2887
1975,769,38,3149
1976,770,153,2412
1977,771,153,2817
1978,772,200,2942
1979,773,200,3440
1980,774,200,3953
1981,775,200,4363
1982,776,47,1389
1983,777,47,1756
1984,778,47,3158
1985,778,169,3370
1986,779,157,111
1987,780,157,1966
1988,781,157,2786
1989,781,41,4160
1990,781,189,4326
1991,782,157,3223
1992,783,157,5359
1993,783,164,2516
1994,784,64,1585
1995,785,64,2798
1996,786,64,3902
1997,787,84,1955
1998,788,84,4182
1999,789,84,5052
2000,790,129,1387
2001,791,129,4913
2002,792,129,5317
2003,792,75,2856
2004,793,218,2954
2005,794,122,296
2006,795,122,1469
2007,796,122,1743
2008,797,122,2095
2009,798,122,3346
2010,799,122,4490
2011,799,124,5989
2012,800,122,5314
2013,801,122,5701
2014,801,57,2673
2015,802,91,4193
2016,802,85,3480
2017,803,91,4812
2018,804,91,5722
2019,805,123,1668
2020,806,123,3410
2021,807,123,4237
2022,807,197,1873
2023,808,123,4690
2024,809,130,1555
2025,810,130,3327
2026,811,130,6012
2027,812,132,3166
2028,813,203,3332
2029,814,93,1142
2030,814,187,4166
2031,815,93,1883
2032,816,93,4365
2033,817,93,5301
2034,818,93,8102
2035,819,12,2146
2036,819,167,1554
2037,820,12,5035
2038,821,96,2000
2039,822,96,5022
2040,823,96,6400
2041,823,158,4233
2042,824,202,307
2043,825,202,1207
2044,826,182,1601
2045,826,66,4575
2046,827,141,4449
2047,827,37,2175
2048,828,169,293
2049,829,169,1486
2050,830,169,1824
2051,830,74,5286
2052,831,169,4705
2053,832,118,822
2054,833,118,1344
2055,834,124,2113
2056,834,136,1502
2057,834,16,11099
2058,835,124,3363
2059,836,124,4460
2060,837,124,7059
2061,838,41,437
2062,838,15,4717
2063,839,41,2508
2064,840,197,386
2065,841,197,975
2066,842,197,2322
2067,843,197,2767
2068,844,197,3682
2069,845,197,4105
2070,846,197,4575
2071,847,197,6041
2072,848,213,832
2073,849,13,97
2074,850,13,442
2075,851,13,771
2076,851,185,5099
2077,852,13,1085
2078,853,74,3491
2079,854,74,6701
2080,854,54,7136
2081,855,207,259
2082,855,33,4869
2083,856,207,978
2084,857,207,7160
2085,857,102,3009
2086,857,161,207
2087,858,119,1555
2088,859,119,4051
2089,860,119,4769
2090,861,119,7128
2091,862,146,4130
2092,862,172,6845
2093,863,167,575
2094,864,167,2580
2095,864,21,4031
2096,865,167,4294
2097,866,167,5937
2098,867,167,6293
2099,868,167,7424
2100,868,14,1796
2101,869,102,1852
2102,869,52,1467
2103,869,17,906
2104,870,102,2322
2105,870,243,580
2106,871,102,3778
2107,872,102,5093
2108,872,236,1468
2109,872,227,872
2110,872,195,399
2111,872,170,446
2112,872,222,256
2113,873,102,6020
2114,874,221,2586
2115,875,221,4519
2116,876,221,5934
2117,877,221,6541
2118,878,221,7695
2119,879,133,2490
2120,879,172,5813
2121,880,133,4575
2122,880,185,2532
2123,881,133,5007
2124,882,133,5898
2125,883,133,6272
2126,884,150,4346
2127,885,150,4808
2128,886,150,5167
2129,887,23,4066
2130,888,21,2220
2131,889,21,3123
2132,890,21,4873
2133,891,21,5351
2134,892,21,6262
2135,893,21,7248
2136,894,158,3244
2137,894,164,3214
2138,895,158,4963
2139,896,158,5653
2140,897,216,1788
2141,897,68,2258
2142,898,216,2408
2143,898,227,1588
2144,898,195,2305
2145,898,170,6101
2146,898,50,782
2147,898,42,6041
2148,899,216,3031
2149,900,97,1342
2150,901,97,2144
2151,902,97,3174
2152,903,185,2951
2153,904,185,3871
2154,905,155,4916
2155,906,103,3756
2156,907,33,1910
2157,908,33,4017
2158,909,236,868
2159,910,164,3642
2160,911,164,3989
2161,912,14,379
2162,913,14,6819
2163,914,14,7986
2164,915,14,8472
2165,916,174,1391
2166,917,174,2008
2167,918,174,3084
2168,919,174,4321
2169,920,148,547
2170,921,148,1611
2171,921,243,153
2172,922,148,2401
2173,923,15,2346
2174,924,15,3971
2175,925,15,4275
2176,925,82,1032
2177,926,15,6752
2178,927,80,435
2179,928,242,869
2180,929,242,1463
2181,930,242,2094
2182,931,242,2547
2183,932,242,3564
2184,933,242,7167
2185,934,242,7729
2186,935,242,8461
2187,936,242,9484
2188,937,172,962
2189,938,67,4241
2190,939,67,6308
2191,940,81,440
2192,940,212,2198
2193,941,81,1119
2194,941,238,1065
2195,941,184,1078
2196,942,81,1711
2197,943,81,2401
2198,943,92,3130
2199,944,98,427
2200,945,98,1672
2201,946,98,2252
2202,947,82,1476
2203,948,82,2362
2204,949,82,2850
2205,950,82,3817
2206,951,82,4902
2207,952,82,5367
2208,953,52,1018
2209,954,52,3375
2210,955,52,4460
2211,956,52,6160
2212,956,238,3400
2213,956,42,947
2214,957,16,3416
2215,958,161,1135
2216,958,75,4434
2217,959,75,3335
2218,960,154,4114
2219,960,75,5146
2220,961,204,470
2221,962,227,280
2222,962,187,1278
2223,963,17,1382
2224,963,195,1032
2225,963,184,6691
2226,964,17,2080
2227,965,17,2672
2228,966,170,3773
2229,967,238,550
2230,968,238,4073
2231,969,238,5414
2232,969,50,6781
2233,970,212,451
2234,971,212,1357
2235,972,212,2783
2236,973,212,4695
2237,974,187,1926
2238,975,187,3314
2239,975,18,2850
2240,976,16,937
2241,977,16,1907
2242,978,16,6615
2243,979,16,7037
2244,980,16,7576
2245,981,16,9092
2246,982,16,9529
2247,983,16,12765
2248,983,92,2475
2249,984,16,16004
2250,985,243,1014
2251,986,243,1444
2252,987,65,430
2253,988,65,4346
2254,989,65,6083
2255,990,65,6730
2256,991,65,7335
2257,992,184,2328
2258,993,184,2939
2259,994,240,178
2260,995,240,583
2261,995,196,4962
2262,996,240,1480
2263,997,68,512
2264,998,68,1198
2265,999,68,2901
2266,1000,68,3437
2267,1001,68,6257
2268,1002,68,6623
2269,1003,85,6194
2270,1004,92,3590
2271,1005,196,3558
2272,1006,196,4217
2273,1007,34,966
2274,1008,34,1508
